NIS,NL,FR,Arro_NL,Arro_FR,Prov_NL,Prov_FR,Reg_NL,Reg_FR
11001,Aartselaar,Aartselaar,Antwerpen,Anvers,Antwerpen,Anvers,Vlaams Gewest,Région flamande
11002,Antwerpen,Anvers,Antwerpen,Anvers,Antwerpen,Anvers,Vlaams Gewest,Région flamande
11004,Boechout,Boechout,Antwerpen,Anvers,Antwerpen,Anvers,Vlaams Gewest,Région flamande
11005,Boom,Boom,Antwerpen,Anvers,Antwerpen,Anvers,Vlaams Gewest,Région flamande
11007,Borsbeek,Borsbeek,Antwerpen,Anvers,Antwerpen,Anvers,Vlaams Gewest,Région flamande
11008,Brasschaat,Brasschaat,Antwerpen,Anvers,Antwerpen,Anvers,Vlaams Gewest,Région flamande
11009,Brecht,Brecht,Antwerpen,Anvers,Antwerpen,Anvers,Vlaams Gewest,Région flamande
11013,Edegem,Edegem,Antwerpen,Anvers,Antwerpen,Anvers,Vlaams Gewest,Région flamande
11016,Essen,Essen,Antwerpen,Anvers,Antwerpen,Anvers,Vlaams Gewest,Région flamande
11018,Hemiksem,Hemiksem,Antwerpen,Anvers,Antwerpen,Anvers,Vlaams Gewest,Région flamande
11021,Hove,Hove,Antwerpen,Anvers,Antwerpen,Anvers,Vlaams Gewest,Région flamande
11022,Kalmthout,Kalmthout,Antwerpen,Anvers,Antwerpen,Anvers,Vlaams Gewest,Région flamande
11023,Kapellen,Kapellen,Antwerpen,Anvers,Antwerpen,Anvers,Vlaams Gewest,Région flamande
11024,Kontich,Kontich,Antwerpen,Anvers,Antwerpen,Anvers,Vlaams Gewest,Région flamande
11025,Lint,Lint,Antwerpen,Anvers,Antwerpen,Anvers,Vlaams Gewest,Région flamande
11029,Mortsel,Mortsel,Antwerpen,Anvers,Antwerpen,Anvers,Vlaams Gewest,Région flamande
11030,Niel,Niel,Antwerpen,Anvers,Antwerpen,Anvers,Vlaams Gewest,Région flamande
11035,Ranst,Ranst,Antwerpen,Anvers,Antwerpen,Anvers,Vlaams Gewest,Région flamande
11037,Rumst,Rumst,Antwerpen,Anvers,Antwerpen,Anvers,Vlaams Gewest,Région flamande
11038,Schelle,Schelle,Antwerpen,Anvers,Antwerpen,Anvers,Vlaams Gewest,Région flamande
11039,Schilde,Schilde,Antwerpen,Anvers,Antwerpen,Anvers,Vlaams Gewest,Région flamande
11040,Schoten,Schoten,Antwerpen,Anvers,Antwerpen,Anvers,Vlaams Gewest,Région flamande
11044,Stabroek,Stabroek,Antwerpen,Anvers,Antwerpen,Anvers,Vlaams Gewest,Région flamande
11050,Wijnegem,Wijnegem,Antwerpen,Anvers,Antwerpen,Anvers,Vlaams Gewest,Région flamande
11052,Wommelgem,Wommelgem,Antwerpen,Anvers,Antwerpen,Anvers,Vlaams Gewest,Région flamande
11053,Wuustwezel,Wuustwezel,Antwerpen,Anvers,Antwerpen,Anvers,Vlaams Gewest,Région flamande
11054,Zandhoven,Zandhoven,Antwerpen,Anvers,Antwerpen,Anvers,Vlaams Gewest,Région flamande
11055,Zoersel,Zoersel,Antwerpen,Anvers,Antwerpen,Anvers,Vlaams Gewest,Région flamande
11056,Zwijndrecht,Zwijndrecht,Antwerpen,Anvers,Antwerpen,Anvers,Vlaams Gewest,Région flamande
11057,Malle,Malle,Antwerpen,Anvers,Antwerpen,Anvers,Vlaams Gewest,Région flamande
12002,Berlaar,Berlaar,Mechelen,Malines,Antwerpen,Anvers,Vlaams Gewest,Région flamande
12005,Bonheiden,Bonheiden,Mechelen,Malines,Antwerpen,Anvers,Vlaams Gewest,Région flamande
12007,Bornem,Bornem,Mechelen,Malines,Antwerpen,Anvers,Vlaams Gewest,Région flamande
12009,Duffel,Duffel,Mechelen,Malines,Antwerpen,Anvers,Vlaams Gewest,Région flamande
12014,Heist-op-den-Berg,Heist-op-den-Berg,Mechelen,Malines,Antwerpen,Anvers,Vlaams Gewest,Région flamande
12021,Lier,Lierre,Mechelen,Malines,Antwerpen,Anvers,Vlaams Gewest,Région flamande
12025,Mechelen,Malines,Mechelen,Malines,Antwerpen,Anvers,Vlaams Gewest,Région flamande
12026,Nijlen,Nijlen,Mechelen,Malines,Antwerpen,Anvers,Vlaams Gewest,Région flamande
12029,Putte,Putte,Mechelen,Malines,Antwerpen,Anvers,Vlaams Gewest,Région flamande
12030,Puurs,Puurs,Mechelen,Malines,Antwerpen,Anvers,Vlaams Gewest,Région flamande
12034,Sint-Amands,Sint-Amands,Mechelen,Malines,Antwerpen,Anvers,Vlaams Gewest,Région flamande
12035,Sint-Katelijne-Waver,Sint-Katelijne-Waver,Mechelen,Malines,Antwerpen,Anvers,Vlaams Gewest,Région flamande
12040,Willebroek,Willebroek,Mechelen,Malines,Antwerpen,Anvers,Vlaams Gewest,Région flamande
13001,Arendonk,Arendonk,Turnhout,Turnhout,Antwerpen,Anvers,Vlaams Gewest,Région flamande
13002,Baarle-Hertog,Baerle-Duc,Turnhout,Turnhout,Antwerpen,Anvers,Vlaams Gewest,Région flamande
13003,Balen,Balen,Turnhout,Turnhout,Antwerpen,Anvers,Vlaams Gewest,Région flamande
13004,Beerse,Beerse,Turnhout,Turnhout,Antwerpen,Anvers,Vlaams Gewest,Région flamande
13006,Dessel,Dessel,Turnhout,Turnhout,Antwerpen,Anvers,Vlaams Gewest,Région flamande
13008,Geel,Geel,Turnhout,Turnhout,Antwerpen,Anvers,Vlaams Gewest,Région flamande
13010,Grobbendonk,Grobbendonk,Turnhout,Turnhout,Antwerpen,Anvers,Vlaams Gewest,Région flamande
13011,Herentals,Herentals,Turnhout,Turnhout,Antwerpen,Anvers,Vlaams Gewest,Région flamande
13012,Herenthout,Herenthout,Turnhout,Turnhout,Antwerpen,Anvers,Vlaams Gewest,Région flamande
13013,Herselt,Herselt,Turnhout,Turnhout,Antwerpen,Anvers,Vlaams Gewest,Région flamande
13014,Hoogstraten,Hoogstraten,Turnhout,Turnhout,Antwerpen,Anvers,Vlaams Gewest,Région flamande
13016,Hulshout,Hulshout,Turnhout,Turnhout,Antwerpen,Anvers,Vlaams Gewest,Région flamande
13017,Kasterlee,Kasterlee,Turnhout,Turnhout,Antwerpen,Anvers,Vlaams Gewest,Région flamande
13019,Lille,Lille,Turnhout,Turnhout,Antwerpen,Anvers,Vlaams Gewest,Région flamande
13021,Meerhout,Meerhout,Turnhout,Turnhout,Antwerpen,Anvers,Vlaams Gewest,Région flamande
13023,Merksplas,Merksplas,Turnhout,Turnhout,Antwerpen,Anvers,Vlaams Gewest,Région flamande
13025,Mol,Mol,Turnhout,Turnhout,Antwerpen,Anvers,Vlaams Gewest,Région flamande
13029,Olen,Olen,Turnhout,Turnhout,Antwerpen,Anvers,Vlaams Gewest,Région flamande
13031,Oud-Turnhout,Oud-Turnhout,Turnhout,Turnhout,Antwerpen,Anvers,Vlaams Gewest,Région flamande
13035,Ravels,Ravels,Turnhout,Turnhout,Antwerpen,Anvers,Vlaams Gewest,Région flamande
13036,Retie,Retie,Turnhout,Turnhout,Antwerpen,Anvers,Vlaams Gewest,Région flamande
13037,Rijkevorsel,Rijkevorsel,Turnhout,Turnhout,Antwerpen,Anvers,Vlaams Gewest,Région flamande
13040,Turnhout,Turnhout,Turnhout,Turnhout,Antwerpen,Anvers,Vlaams Gewest,Région flamande
13044,Vorselaar,Vorselaar,Turnhout,Turnhout,Antwerpen,Anvers,Vlaams Gewest,Région flamande
13046,Vosselaar,Vosselaar,Turnhout,Turnhout,Antwerpen,Anvers,Vlaams Gewest,Région flamande
13049,Westerlo,Westerlo,Turnhout,Turnhout,Antwerpen,Anvers,Vlaams Gewest,Région flamande
13053,Laakdal,Laakdal,Turnhout,Turnhout,Antwerpen,Anvers,Vlaams Gewest,Région flamande
21001,Anderlecht,Anderlecht,Brussel-Hoofdstad,Bruxelles-Capitale,,,Brussels Hoofdstedelijk Gewest,Région de Bruxelles-Capitale
21002,Oudergem,Auderghem,Brussel-Hoofdstad,Bruxelles-Capitale,,,Brussels Hoofdstedelijk Gewest,Région de Bruxelles-Capitale
21003,Sint-Agatha-Berchem,Berchem-Sainte-Agathe,Brussel-Hoofdstad,Bruxelles-Capitale,,,Brussels Hoofdstedelijk Gewest,Région de Bruxelles-Capitale
21004,Brussel,Bruxelles,Brussel-Hoofdstad,Bruxelles-Capitale,,,Brussels Hoofdstedelijk Gewest,Région de Bruxelles-Capitale
21005,Etterbeek,Etterbeek,Brussel-Hoofdstad,Bruxelles-Capitale,,,Brussels Hoofdstedelijk Gewest,Région de Bruxelles-Capitale
21006,Evere,Evere,Brussel-Hoofdstad,Bruxelles-Capitale,,,Brussels Hoofdstedelijk Gewest,Région de Bruxelles-Capitale
21007,Vorst,Forest,Brussel-Hoofdstad,Bruxelles-Capitale,,,Brussels Hoofdstedelijk Gewest,Région de Bruxelles-Capitale
21008,Ganshoren,Ganshoren,Brussel-Hoofdstad,Bruxelles-Capitale,,,Brussels Hoofdstedelijk Gewest,Région de Bruxelles-Capitale
21009,Elsene,Ixelles,Brussel-Hoofdstad,Bruxelles-Capitale,,,Brussels Hoofdstedelijk Gewest,Région de Bruxelles-Capitale
21010,Jette,Jette,Brussel-Hoofdstad,Bruxelles-Capitale,,,Brussels Hoofdstedelijk Gewest,Région de Bruxelles-Capitale
21011,Koekelberg,Koekelberg,Brussel-Hoofdstad,Bruxelles-Capitale,,,Brussels Hoofdstedelijk Gewest,Région de Bruxelles-Capitale
21012,Sint-Jans-Molenbeek,Molenbeek-Saint-Jean,Brussel-Hoofdstad,Bruxelles-Capitale,,,Brussels Hoofdstedelijk Gewest,Région de Bruxelles-Capitale
21013,Sint-Gillis,Saint-Gilles,Brussel-Hoofdstad,Bruxelles-Capitale,,,Brussels Hoofdstedelijk Gewest,Région de Bruxelles-Capitale
21014,Sint-Joost-ten-Node,Saint-Josse-ten-Noode,Brussel-Hoofdstad,Bruxelles-Capitale,,,Brussels Hoofdstedelijk Gewest,Région de Bruxelles-Capitale
21015,Schaarbeek,Schaerbeek,Brussel-Hoofdstad,Bruxelles-Capitale,,,Brussels Hoofdstedelijk Gewest,Région de Bruxelles-Capitale
21016,Ukkel,Uccle,Brussel-Hoofdstad,Bruxelles-Capitale,,,Brussels Hoofdstedelijk Gewest,Région de Bruxelles-Capitale
21017,Watermaal-Bosvoorde,Watermael-Boitsfort,Brussel-Hoofdstad,Bruxelles-Capitale,,,Brussels Hoofdstedelijk Gewest,Région de Bruxelles-Capitale
21018,Sint-Lambrechts-Woluwe,Woluwe-Saint-Lambert,Brussel-Hoofdstad,Bruxelles-Capitale,,,Brussels Hoofdstedelijk Gewest,Région de Bruxelles-Capitale
21019,Sint-Pieters-Woluwe,Woluwe-Saint-Pierre,Brussel-Hoofdstad,Bruxelles-Capitale,,,Brussels Hoofdstedelijk Gewest,Région de Bruxelles-Capitale
23002,Asse,Asse,Halle-Vilvoorde,Hal-Vilvorde,Vlaams-Brabant,Brabant flamand,Vlaams Gewest,Région flamande
23003,Beersel,Beersel,Halle-Vilvoorde,Hal-Vilvorde,Vlaams-Brabant,Brabant flamand,Vlaams Gewest,Région flamande
23009,Bever,Biévène,Halle-Vilvoorde,Hal-Vilvorde,Vlaams-Brabant,Brabant flamand,Vlaams Gewest,Région flamande
23016,Dilbeek,Dilbeek,Halle-Vilvoorde,Hal-Vilvorde,Vlaams-Brabant,Brabant flamand,Vlaams Gewest,Région flamande
23023,Galmaarden,Gammerages,Halle-Vilvoorde,Hal-Vilvorde,Vlaams-Brabant,Brabant flamand,Vlaams Gewest,Région flamande
23024,Gooik,Gooik,Halle-Vilvoorde,Hal-Vilvorde,Vlaams-Brabant,Brabant flamand,Vlaams Gewest,Région flamande
23025,Grimbergen,Grimbergen,Halle-Vilvoorde,Hal-Vilvorde,Vlaams-Brabant,Brabant flamand,Vlaams Gewest,Région flamande
23027,Halle,Hal,Halle-Vilvoorde,Hal-Vilvorde,Vlaams-Brabant,Brabant flamand,Vlaams Gewest,Région flamande
23032,Herne,Herne,Halle-Vilvoorde,Hal-Vilvorde,Vlaams-Brabant,Brabant flamand,Vlaams Gewest,Région flamande
23033,Hoeilaart,Hoeilaart,Halle-Vilvoorde,Hal-Vilvorde,Vlaams-Brabant,Brabant flamand,Vlaams Gewest,Région flamande
23038,Kampenhout,Kampenhout,Halle-Vilvoorde,Hal-Vilvorde,Vlaams-Brabant,Brabant flamand,Vlaams Gewest,Région flamande
23039,Kapelle-op-den-Bos,Kapelle-op-den-Bos,Halle-Vilvoorde,Hal-Vilvorde,Vlaams-Brabant,Brabant flamand,Vlaams Gewest,Région flamande
23044,Liedekerke,Liedekerke,Halle-Vilvoorde,Hal-Vilvorde,Vlaams-Brabant,Brabant flamand,Vlaams Gewest,Région flamande
23045,Londerzeel,Londerzeel,Halle-Vilvoorde,Hal-Vilvorde,Vlaams-Brabant,Brabant flamand,Vlaams Gewest,Région flamande
23047,Machelen,Machelen,Halle-Vilvoorde,Hal-Vilvorde,Vlaams-Brabant,Brabant flamand,Vlaams Gewest,Région flamande
23050,Meise,Meise,Halle-Vilvoorde,Hal-Vilvorde,Vlaams-Brabant,Brabant flamand,Vlaams Gewest,Région flamande
23052,Merchtem,Merchtem,Halle-Vilvoorde,Hal-Vilvorde,Vlaams-Brabant,Brabant flamand,Vlaams Gewest,Région flamande
23060,Opwijk,Opwijk,Halle-Vilvoorde,Hal-Vilvorde,Vlaams-Brabant,Brabant flamand,Vlaams Gewest,Région flamande
23062,Overijse,Overijse,Halle-Vilvoorde,Hal-Vilvorde,Vlaams-Brabant,Brabant flamand,Vlaams Gewest,Région flamande
23064,Pepingen,Pepingen,Halle-Vilvoorde,Hal-Vilvorde,Vlaams-Brabant,Brabant flamand,Vlaams Gewest,Région flamande
23077,Sint-Pieters-Leeuw,Sint-Pieters-Leeuw,Halle-Vilvoorde,Hal-Vilvorde,Vlaams-Brabant,Brabant flamand,Vlaams Gewest,Région flamande
23081,Steenokkerzeel,Steenokkerzeel,Halle-Vilvoorde,Hal-Vilvorde,Vlaams-Brabant,Brabant flamand,Vlaams Gewest,Région flamande
23086,Ternat,Ternat,Halle-Vilvoorde,Hal-Vilvorde,Vlaams-Brabant,Brabant flamand,Vlaams Gewest,Région flamande
23088,Vilvoorde,Vilvorde,Halle-Vilvoorde,Hal-Vilvorde,Vlaams-Brabant,Brabant flamand,Vlaams Gewest,Région flamande
23094,Zaventem,Zaventem,Halle-Vilvoorde,Hal-Vilvorde,Vlaams-Brabant,Brabant flamand,Vlaams Gewest,Région flamande
23096,Zemst,Zemst,Halle-Vilvoorde,Hal-Vilvorde,Vlaams-Brabant,Brabant flamand,Vlaams Gewest,Région flamande
23097,Roosdaal,Roosdaal,Halle-Vilvoorde,Hal-Vilvorde,Vlaams-Brabant,Brabant flamand,Vlaams Gewest,Région flamande
23098,Drogenbos,Drogenbos,Halle-Vilvoorde,Hal-Vilvorde,Vlaams-Brabant,Brabant flamand,Vlaams Gewest,Région flamande
23099,Kraainem,Kraainem,Halle-Vilvoorde,Hal-Vilvorde,Vlaams-Brabant,Brabant flamand,Vlaams Gewest,Région flamande
23100,Linkebeek,Linkebeek,Halle-Vilvoorde,Hal-Vilvorde,Vlaams-Brabant,Brabant flamand,Vlaams Gewest,Région flamande
23101,Sint-Genesius-Rode,Rhode-Saint-Genèse,Halle-Vilvoorde,Hal-Vilvorde,Vlaams-Brabant,Brabant flamand,Vlaams Gewest,Région flamande
23102,Wemmel,Wemmel,Halle-Vilvoorde,Hal-Vilvorde,Vlaams-Brabant,Brabant flamand,Vlaams Gewest,Région flamande
23103,Wezembeek-Oppem,Wezembeek-Oppem,Halle-Vilvoorde,Hal-Vilvorde,Vlaams-Brabant,Brabant flamand,Vlaams Gewest,Région flamande
23104,Lennik,Lennik,Halle-Vilvoorde,Hal-Vilvorde,Vlaams-Brabant,Brabant flamand,Vlaams Gewest,Région flamande
23105,Affligem,Affligem,Halle-Vilvoorde,Hal-Vilvorde,Vlaams-Brabant,Brabant flamand,Vlaams Gewest,Région flamande
24001,Aarschot,Aarschot,Leuven,Louvain,Vlaams-Brabant,Brabant flamand,Vlaams Gewest,Région flamande
24007,Begijnendijk,Begijnendijk,Leuven,Louvain,Vlaams-Brabant,Brabant flamand,Vlaams Gewest,Région flamande
24008,Bekkevoort,Bekkevoort,Leuven,Louvain,Vlaams-Brabant,Brabant flamand,Vlaams Gewest,Région flamande
24009,Bertem,Bertem,Leuven,Louvain,Vlaams-Brabant,Brabant flamand,Vlaams Gewest,Région flamande
24011,Bierbeek,Bierbeek,Leuven,Louvain,Vlaams-Brabant,Brabant flamand,Vlaams Gewest,Région flamande
24014,Boortmeerbeek,Boortmeerbeek,Leuven,Louvain,Vlaams-Brabant,Brabant flamand,Vlaams Gewest,Région flamande
24016,Boutersem,Boutersem,Leuven,Louvain,Vlaams-Brabant,Brabant flamand,Vlaams Gewest,Région flamande
24020,Diest,Diest,Leuven,Louvain,Vlaams-Brabant,Brabant flamand,Vlaams Gewest,Région flamande
24028,Geetbets,Geetbets,Leuven,Louvain,Vlaams-Brabant,Brabant flamand,Vlaams Gewest,Région flamande
24033,Haacht,Haacht,Leuven,Louvain,Vlaams-Brabant,Brabant flamand,Vlaams Gewest,Région flamande
24038,Herent,Herent,Leuven,Louvain,Vlaams-Brabant,Brabant flamand,Vlaams Gewest,Région flamande
24041,Hoegaarden,Hoegaarden,Leuven,Louvain,Vlaams-Brabant,Brabant flamand,Vlaams Gewest,Région flamande
24043,Holsbeek,Holsbeek,Leuven,Louvain,Vlaams-Brabant,Brabant flamand,Vlaams Gewest,Région flamande
24045,Huldenberg,Huldenberg,Leuven,Louvain,Vlaams-Brabant,Brabant flamand,Vlaams Gewest,Région flamande
24048,Keerbergen,Keerbergen,Leuven,Louvain,Vlaams-Brabant,Brabant flamand,Vlaams Gewest,Région flamande
24054,Kortenaken,Kortenaken,Leuven,Louvain,Vlaams-Brabant,Brabant flamand,Vlaams Gewest,Région flamande
24055,Kortenberg,Kortenberg,Leuven,Louvain,Vlaams-Brabant,Brabant flamand,Vlaams Gewest,Région flamande
24059,Landen,Landen,Leuven,Louvain,Vlaams-Brabant,Brabant flamand,Vlaams Gewest,Région flamande
24062,Leuven,Louvain,Leuven,Louvain,Vlaams-Brabant,Brabant flamand,Vlaams Gewest,Région flamande
24066,Lubbeek,Lubbeek,Leuven,Louvain,Vlaams-Brabant,Brabant flamand,Vlaams Gewest,Région flamande
24086,Oud-Heverlee,Oud-Heverlee,Leuven,Louvain,Vlaams-Brabant,Brabant flamand,Vlaams Gewest,Région flamande
24094,Rotselaar,Rotselaar,Leuven,Louvain,Vlaams-Brabant,Brabant flamand,Vlaams Gewest,Région flamande
24104,Tervuren,Tervuren,Leuven,Louvain,Vlaams-Brabant,Brabant flamand,Vlaams Gewest,Région flamande
24107,Tienen,Tirlemont,Leuven,Louvain,Vlaams-Brabant,Brabant flamand,Vlaams Gewest,Région flamande
24109,Tremelo,Tremelo,Leuven,Louvain,Vlaams-Brabant,Brabant flamand,Vlaams Gewest,Région flamande
24130,Zoutleeuw,Léau,Leuven,Louvain,Vlaams-Brabant,Brabant flamand,Vlaams Gewest,Région flamande
24133,Linter,Linter,Leuven,Louvain,Vlaams-Brabant,Brabant flamand,Vlaams Gewest,Région flamande
24134,Scherpenheuvel-Zichem,Montaigu-Zichem,Leuven,Louvain,Vlaams-Brabant,Brabant flamand,Vlaams Gewest,Région flamande
24135,Tielt-Winge,Tielt-Winge,Leuven,Louvain,Vlaams-Brabant,Brabant flamand,Vlaams Gewest,Région flamande
24137,Glabbeek,Glabbeek,Leuven,Louvain,Vlaams-Brabant,Brabant flamand,Vlaams Gewest,Région flamande
25005,Bevekom,Beauvechain,Nijvel,Nivelles,Waals-Brabant,Brabant wallon,Waals Gewest,Région wallonne
25014,Eigenbrakel,Braine-l’Alleud,Nijvel,Nivelles,Waals-Brabant,Brabant wallon,Waals Gewest,Région wallonne
25015,Kasteelbrakel,Braine-le-Château,Nijvel,Nivelles,Waals-Brabant,Brabant wallon,Waals Gewest,Région wallonne
25018,Chaumont-Gistoux,Chaumont-Gistoux,Nijvel,Nivelles,Waals-Brabant,Brabant wallon,Waals Gewest,Région wallonne
25023,Court-Saint-Etienne,Court-Saint-Etienne,Nijvel,Nivelles,Waals-Brabant,Brabant wallon,Waals Gewest,Région wallonne
25031,Genepiën,Genappe,Nijvel,Nivelles,Waals-Brabant,Brabant wallon,Waals Gewest,Région wallonne
25037,Graven,Grez-Doiceau,Nijvel,Nivelles,Waals-Brabant,Brabant wallon,Waals Gewest,Région wallonne
25043,Incourt,Incourt,Nijvel,Nivelles,Waals-Brabant,Brabant wallon,Waals Gewest,Région wallonne
25044,Itter,Ittre,Nijvel,Nivelles,Waals-Brabant,Brabant wallon,Waals Gewest,Région wallonne
25048,Geldenaken,Jodoigne,Nijvel,Nivelles,Waals-Brabant,Brabant wallon,Waals Gewest,Région wallonne
25050,Terhulpen,La Hulpe,Nijvel,Nivelles,Waals-Brabant,Brabant wallon,Waals Gewest,Région wallonne
25068,Mont-Saint-Guibert,Mont-Saint-Guibert,Nijvel,Nivelles,Waals-Brabant,Brabant wallon,Waals Gewest,Région wallonne
25072,Nijvel,Nivelles,Nijvel,Nivelles,Waals-Brabant,Brabant wallon,Waals Gewest,Région wallonne
25084,Perwijs,Perwez,Nijvel,Nivelles,Waals-Brabant,Brabant wallon,Waals Gewest,Région wallonne
25091,Rixensart,Rixensart,Nijvel,Nivelles,Waals-Brabant,Brabant wallon,Waals Gewest,Région wallonne
25105,Tubeke,Tubize,Nijvel,Nivelles,Waals-Brabant,Brabant wallon,Waals Gewest,Région wallonne
25107,Villers-la-Ville,Villers-la-Ville,Nijvel,Nivelles,Waals-Brabant,Brabant wallon,Waals Gewest,Région wallonne
25110,Waterloo,Waterloo,Nijvel,Nivelles,Waals-Brabant,Brabant wallon,Waals Gewest,Région wallonne
25112,Waver,Wavre,Nijvel,Nivelles,Waals-Brabant,Brabant wallon,Waals Gewest,Région wallonne
25117,Chastre,Chastre,Nijvel,Nivelles,Waals-Brabant,Brabant wallon,Waals Gewest,Région wallonne
25118,Hélécine,Hélécine,Nijvel,Nivelles,Waals-Brabant,Brabant wallon,Waals Gewest,Région wallonne
25119,Lasne,Lasne,Nijvel,Nivelles,Waals-Brabant,Brabant wallon,Waals Gewest,Région wallonne
25120,Orp-Jauche,Orp-Jauche,Nijvel,Nivelles,Waals-Brabant,Brabant wallon,Waals Gewest,Région wallonne
25121,Ottignies-Louvain-la-Neuve,Ottignies-Louvain-la-Neuve,Nijvel,Nivelles,Waals-Brabant,Brabant wallon,Waals Gewest,Région wallonne
25122,Ramillies,Ramillies,Nijvel,Nivelles,Waals-Brabant,Brabant wallon,Waals Gewest,Région wallonne
25123,Rebecq,Rebecq,Nijvel,Nivelles,Waals-Brabant,Brabant wallon,Waals Gewest,Région wallonne
25124,Walhain,Walhain,Nijvel,Nivelles,Waals-Brabant,Brabant wallon,Waals Gewest,Région wallonne
31003,Beernem,Beernem,Brugge,Bruges,West-Vlaanderen,Flandre occidentale,Vlaams Gewest,Région flamande
31004,Blankenberge,Blankenberge,Brugge,Bruges,West-Vlaanderen,Flandre occidentale,Vlaams Gewest,Région flamande
31005,Brugge,Bruges,Brugge,Bruges,West-Vlaanderen,Flandre occidentale,Vlaams Gewest,Région flamande
31006,Damme,Damme,Brugge,Bruges,West-Vlaanderen,Flandre occidentale,Vlaams Gewest,Région flamande
31012,Jabbeke,Jabbeke,Brugge,Bruges,West-Vlaanderen,Flandre occidentale,Vlaams Gewest,Région flamande
31022,Oostkamp,Oostkamp,Brugge,Bruges,West-Vlaanderen,Flandre occidentale,Vlaams Gewest,Région flamande
31033,Torhout,Torhout,Brugge,Bruges,West-Vlaanderen,Flandre occidentale,Vlaams Gewest,Région flamande
31040,Zedelgem,Zedelgem,Brugge,Bruges,West-Vlaanderen,Flandre occidentale,Vlaams Gewest,Région flamande
31042,Zuienkerke,Zuienkerke,Brugge,Bruges,West-Vlaanderen,Flandre occidentale,Vlaams Gewest,Région flamande
31043,Knokke-Heist,Knokke-Heist,Brugge,Bruges,West-Vlaanderen,Flandre occidentale,Vlaams Gewest,Région flamande
32003,Diksmuide,Dixmude,Diksmuide,Dixmude,West-Vlaanderen,Flandre occidentale,Vlaams Gewest,Région flamande
32006,Houthulst,Houthulst,Diksmuide,Dixmude,West-Vlaanderen,Flandre occidentale,Vlaams Gewest,Région flamande
32010,Koekelare,Koekelare,Diksmuide,Dixmude,West-Vlaanderen,Flandre occidentale,Vlaams Gewest,Région flamande
32011,Kortemark,Kortemark,Diksmuide,Dixmude,West-Vlaanderen,Flandre occidentale,Vlaams Gewest,Région flamande
32030,Lo-Reninge,Lo-Reninge,Diksmuide,Dixmude,West-Vlaanderen,Flandre occidentale,Vlaams Gewest,Région flamande
33011,Ieper,Ypres,Ieper,Ypres,West-Vlaanderen,Flandre occidentale,Vlaams Gewest,Région flamande
33016,Mesen,Messines,Ieper,Ypres,West-Vlaanderen,Flandre occidentale,Vlaams Gewest,Région flamande
33021,Poperinge,Poperinge,Ieper,Ypres,West-Vlaanderen,Flandre occidentale,Vlaams Gewest,Région flamande
33029,Wervik,Wervik,Ieper,Ypres,West-Vlaanderen,Flandre occidentale,Vlaams Gewest,Région flamande
33037,Zonnebeke,Zonnebeke,Ieper,Ypres,West-Vlaanderen,Flandre occidentale,Vlaams Gewest,Région flamande
33039,Heuvelland,Heuvelland,Ieper,Ypres,West-Vlaanderen,Flandre occidentale,Vlaams Gewest,Région flamande
33040,Langemark-Poelkapelle,Langemark-Poelkapelle,Ieper,Ypres,West-Vlaanderen,Flandre occidentale,Vlaams Gewest,Région flamande
33041,Vleteren,Vleteren,Ieper,Ypres,West-Vlaanderen,Flandre occidentale,Vlaams Gewest,Région flamande
34002,Anzegem,Anzegem,Kortrijk,Courtrai,West-Vlaanderen,Flandre occidentale,Vlaams Gewest,Région flamande
34003,Avelgem,Avelgem,Kortrijk,Courtrai,West-Vlaanderen,Flandre occidentale,Vlaams Gewest,Région flamande
34009,Deerlijk,Deerlijk,Kortrijk,Courtrai,West-Vlaanderen,Flandre occidentale,Vlaams Gewest,Région flamande
34013,Harelbeke,Harelbeke,Kortrijk,Courtrai,West-Vlaanderen,Flandre occidentale,Vlaams Gewest,Région flamande
34022,Kortrijk,Courtrai,Kortrijk,Courtrai,West-Vlaanderen,Flandre occidentale,Vlaams Gewest,Région flamande
34023,Kuurne,Kuurne,Kortrijk,Courtrai,West-Vlaanderen,Flandre occidentale,Vlaams Gewest,Région flamande
34025,Lendelede,Lendelede,Kortrijk,Courtrai,West-Vlaanderen,Flandre occidentale,Vlaams Gewest,Région flamande
34027,Menen,Menin,Kortrijk,Courtrai,West-Vlaanderen,Flandre occidentale,Vlaams Gewest,Région flamande
34040,Waregem,Waregem,Kortrijk,Courtrai,West-Vlaanderen,Flandre occidentale,Vlaams Gewest,Région flamande
34041,Wevelgem,Wevelgem,Kortrijk,Courtrai,West-Vlaanderen,Flandre occidentale,Vlaams Gewest,Région flamande
34042,Zwevegem,Zwevegem,Kortrijk,Courtrai,West-Vlaanderen,Flandre occidentale,Vlaams Gewest,Région flamande
34043,Spiere-Helkijn,Espierres-Helchin,Kortrijk,Courtrai,West-Vlaanderen,Flandre occidentale,Vlaams Gewest,Région flamande
35002,Bredene,Bredene,Oostende,Ostende,West-Vlaanderen,Flandre occidentale,Vlaams Gewest,Région flamande
35005,Gistel,Gistel,Oostende,Ostende,West-Vlaanderen,Flandre occidentale,Vlaams Gewest,Région flamande
35006,Ichtegem,Ichtegem,Oostende,Ostende,West-Vlaanderen,Flandre occidentale,Vlaams Gewest,Région flamande
35011,Middelkerke,Middelkerke,Oostende,Ostende,West-Vlaanderen,Flandre occidentale,Vlaams Gewest,Région flamande
35013,Oostende,Ostende,Oostende,Ostende,West-Vlaanderen,Flandre occidentale,Vlaams Gewest,Région flamande
35014,Oudenburg,Oudenburg,Oostende,Ostende,West-Vlaanderen,Flandre occidentale,Vlaams Gewest,Région flamande
35029,De Haan,De Haan,Oostende,Ostende,West-Vlaanderen,Flandre occidentale,Vlaams Gewest,Région flamande
36006,Hooglede,Hooglede,Roeselare,Roulers,West-Vlaanderen,Flandre occidentale,Vlaams Gewest,Région flamande
36007,Ingelmunster,Ingelmunster,Roeselare,Roulers,West-Vlaanderen,Flandre occidentale,Vlaams Gewest,Région flamande
36008,Izegem,Izegem,Roeselare,Roulers,West-Vlaanderen,Flandre occidentale,Vlaams Gewest,Région flamande
36010,Ledegem,Ledegem,Roeselare,Roulers,West-Vlaanderen,Flandre occidentale,Vlaams Gewest,Région flamande
36011,Lichtervelde,Lichtervelde,Roeselare,Roulers,West-Vlaanderen,Flandre occidentale,Vlaams Gewest,Région flamande
36012,Moorslede,Moorslede,Roeselare,Roulers,West-Vlaanderen,Flandre occidentale,Vlaams Gewest,Région flamande
36015,Roeselare,Roulers,Roeselare,Roulers,West-Vlaanderen,Flandre occidentale,Vlaams Gewest,Région flamande
36019,Staden,Staden,Roeselare,Roulers,West-Vlaanderen,Flandre occidentale,Vlaams Gewest,Région flamande
37002,Dentergem,Dentergem,Tielt,Tielt,West-Vlaanderen,Flandre occidentale,Vlaams Gewest,Région flamande
37007,Meulebeke,Meulebeke,Tielt,Tielt,West-Vlaanderen,Flandre occidentale,Vlaams Gewest,Région flamande
37010,Oostrozebeke,Oostrozebeke,Tielt,Tielt,West-Vlaanderen,Flandre occidentale,Vlaams Gewest,Région flamande
37011,Pittem,Pittem,Tielt,Tielt,West-Vlaanderen,Flandre occidentale,Vlaams Gewest,Région flamande
37012,Ruiselede,Ruiselede,Tielt,Tielt,West-Vlaanderen,Flandre occidentale,Vlaams Gewest,Région flamande
37015,Tielt,Tielt,Tielt,Tielt,West-Vlaanderen,Flandre occidentale,Vlaams Gewest,Région flamande
37017,Wielsbeke,Wielsbeke,Tielt,Tielt,West-Vlaanderen,Flandre occidentale,Vlaams Gewest,Région flamande
37018,Wingene,Wingene,Tielt,Tielt,West-Vlaanderen,Flandre occidentale,Vlaams Gewest,Région flamande
37020,Ardooie,Ardooie,Tielt,Tielt,West-Vlaanderen,Flandre occidentale,Vlaams Gewest,Région flamande
38002,Alveringem,Alveringem,Veurne,Furnes,West-Vlaanderen,Flandre occidentale,Vlaams Gewest,Région flamande
38008,De Panne,La Panne,Veurne,Furnes,West-Vlaanderen,Flandre occidentale,Vlaams Gewest,Région flamande
38014,Koksijde,Koksijde,Veurne,Furnes,West-Vlaanderen,Flandre occidentale,Vlaams Gewest,Région flamande
38016,Nieuwpoort,Nieuport,Veurne,Furnes,West-Vlaanderen,Flandre occidentale,Vlaams Gewest,Région flamande
38025,Veurne,Furnes,Veurne,Furnes,West-Vlaanderen,Flandre occidentale,Vlaams Gewest,Région flamande
41002,Aalst,Alost,Aalst,Alost,Oost-Vlaanderen,Flandre orientale,Vlaams Gewest,Région flamande
41011,Denderleeuw,Denderleeuw,Aalst,Alost,Oost-Vlaanderen,Flandre orientale,Vlaams Gewest,Région flamande
41018,Geraardsbergen,Grammont,Aalst,Alost,Oost-Vlaanderen,Flandre orientale,Vlaams Gewest,Région flamande
41024,Haaltert,Haaltert,Aalst,Alost,Oost-Vlaanderen,Flandre orientale,Vlaams Gewest,Région flamande
41027,Herzele,Herzele,Aalst,Alost,Oost-Vlaanderen,Flandre orientale,Vlaams Gewest,Région flamande
41034,Lede,Lede,Aalst,Alost,Oost-Vlaanderen,Flandre orientale,Vlaams Gewest,Région flamande
41048,Ninove,Ninove,Aalst,Alost,Oost-Vlaanderen,Flandre orientale,Vlaams Gewest,Région flamande
41063,Sint-Lievens-Houtem,Sint-Lievens-Houtem,Aalst,Alost,Oost-Vlaanderen,Flandre orientale,Vlaams Gewest,Région flamande
41081,Zottegem,Zottegem,Aalst,Alost,Oost-Vlaanderen,Flandre orientale,Vlaams Gewest,Région flamande
41082,Erpe-Mere,Erpe-Mere,Aalst,Alost,Oost-Vlaanderen,Flandre orientale,Vlaams Gewest,Région flamande
42003,Berlare,Berlare,Dendermonde,Termonde,Oost-Vlaanderen,Flandre orientale,Vlaams Gewest,Région flamande
42004,Buggenhout,Buggenhout,Dendermonde,Termonde,Oost-Vlaanderen,Flandre orientale,Vlaams Gewest,Région flamande
42006,Dendermonde,Termonde,Dendermonde,Termonde,Oost-Vlaanderen,Flandre orientale,Vlaams Gewest,Région flamande
42008,Hamme,Hamme,Dendermonde,Termonde,Oost-Vlaanderen,Flandre orientale,Vlaams Gewest,Région flamande
42010,Laarne,Laarne,Dendermonde,Termonde,Oost-Vlaanderen,Flandre orientale,Vlaams Gewest,Région flamande
42011,Lebbeke,Lebbeke,Dendermonde,Termonde,Oost-Vlaanderen,Flandre orientale,Vlaams Gewest,Région flamande
42023,Waasmunster,Waasmunster,Dendermonde,Termonde,Oost-Vlaanderen,Flandre orientale,Vlaams Gewest,Région flamande
42025,Wetteren,Wetteren,Dendermonde,Termonde,Oost-Vlaanderen,Flandre orientale,Vlaams Gewest,Région flamande
42026,Wichelen,Wichelen,Dendermonde,Termonde,Oost-Vlaanderen,Flandre orientale,Vlaams Gewest,Région flamande
42028,Zele,Zele,Dendermonde,Termonde,Oost-Vlaanderen,Flandre orientale,Vlaams Gewest,Région flamande
43002,Assenede,Assenede,Eeklo,Eeklo,Oost-Vlaanderen,Flandre orientale,Vlaams Gewest,Région flamande
43005,Eeklo,Eeklo,Eeklo,Eeklo,Oost-Vlaanderen,Flandre orientale,Vlaams Gewest,Région flamande
43007,Kaprijke,Kaprijke,Eeklo,Eeklo,Oost-Vlaanderen,Flandre orientale,Vlaams Gewest,Région flamande
43010,Maldegem,Maldegem,Eeklo,Eeklo,Oost-Vlaanderen,Flandre orientale,Vlaams Gewest,Région flamande
43014,Sint-Laureins,Sint-Laureins,Eeklo,Eeklo,Oost-Vlaanderen,Flandre orientale,Vlaams Gewest,Région flamande
43018,Zelzate,Zelzate,Eeklo,Eeklo,Oost-Vlaanderen,Flandre orientale,Vlaams Gewest,Région flamande
44001,Aalter,Aalter,Gent,Gand,Oost-Vlaanderen,Flandre orientale,Vlaams Gewest,Région flamande
44011,Deinze,Deinze,Gent,Gand,Oost-Vlaanderen,Flandre orientale,Vlaams Gewest,Région flamande
44012,De Pinte,De Pinte,Gent,Gand,Oost-Vlaanderen,Flandre orientale,Vlaams Gewest,Région flamande
44013,Destelbergen,Destelbergen,Gent,Gand,Oost-Vlaanderen,Flandre orientale,Vlaams Gewest,Région flamande
44019,Evergem,Evergem,Gent,Gand,Oost-Vlaanderen,Flandre orientale,Vlaams Gewest,Région flamande
44020,Gavere,Gavere,Gent,Gand,Oost-Vlaanderen,Flandre orientale,Vlaams Gewest,Région flamande
44021,Gent,Gand,Gent,Gand,Oost-Vlaanderen,Flandre orientale,Vlaams Gewest,Région flamande
44029,Knesselare,Knesselare,Gent,Gand,Oost-Vlaanderen,Flandre orientale,Vlaams Gewest,Région flamande
44034,Lochristi,Lochristi,Gent,Gand,Oost-Vlaanderen,Flandre orientale,Vlaams Gewest,Région flamande
44036,Lovendegem,Lovendegem,Gent,Gand,Oost-Vlaanderen,Flandre orientale,Vlaams Gewest,Région flamande
44040,Melle,Melle,Gent,Gand,Oost-Vlaanderen,Flandre orientale,Vlaams Gewest,Région flamande
44043,Merelbeke,Merelbeke,Gent,Gand,Oost-Vlaanderen,Flandre orientale,Vlaams Gewest,Région flamande
44045,Moerbeke,Moerbeke,Gent,Gand,Oost-Vlaanderen,Flandre orientale,Vlaams Gewest,Région flamande
44048,Nazareth,Nazareth,Gent,Gand,Oost-Vlaanderen,Flandre orientale,Vlaams Gewest,Région flamande
44049,Nevele,Nevele,Gent,Gand,Oost-Vlaanderen,Flandre orientale,Vlaams Gewest,Région flamande
44052,Oosterzele,Oosterzele,Gent,Gand,Oost-Vlaanderen,Flandre orientale,Vlaams Gewest,Région flamande
44064,Sint-Martens-Latem,Sint-Martens-Latem,Gent,Gand,Oost-Vlaanderen,Flandre orientale,Vlaams Gewest,Région flamande
44072,Waarschoot,Waarschoot,Gent,Gand,Oost-Vlaanderen,Flandre orientale,Vlaams Gewest,Région flamande
44073,Wachtebeke,Wachtebeke,Gent,Gand,Oost-Vlaanderen,Flandre orientale,Vlaams Gewest,Région flamande
44080,Zomergem,Zomergem,Gent,Gand,Oost-Vlaanderen,Flandre orientale,Vlaams Gewest,Région flamande
44081,Zulte,Zulte,Gent,Gand,Oost-Vlaanderen,Flandre orientale,Vlaams Gewest,Région flamande
45017,Kruishoutem,Kruishoutem,Oudenaarde,Audenarde,Oost-Vlaanderen,Flandre orientale,Vlaams Gewest,Région flamande
45035,Oudenaarde,Audenarde,Oudenaarde,Audenarde,Oost-Vlaanderen,Flandre orientale,Vlaams Gewest,Région flamande
45041,Ronse,Renaix,Oudenaarde,Audenarde,Oost-Vlaanderen,Flandre orientale,Vlaams Gewest,Région flamande
45057,Zingem,Zingem,Oudenaarde,Audenarde,Oost-Vlaanderen,Flandre orientale,Vlaams Gewest,Région flamande
45059,Brakel,Brakel,Oudenaarde,Audenarde,Oost-Vlaanderen,Flandre orientale,Vlaams Gewest,Région flamande
45060,Kluisbergen,Kluisbergen,Oudenaarde,Audenarde,Oost-Vlaanderen,Flandre orientale,Vlaams Gewest,Région flamande
45061,Wortegem-Petegem,Wortegem-Petegem,Oudenaarde,Audenarde,Oost-Vlaanderen,Flandre orientale,Vlaams Gewest,Région flamande
45062,Horebeke,Horebeke,Oudenaarde,Audenarde,Oost-Vlaanderen,Flandre orientale,Vlaams Gewest,Région flamande
45063,Lierde,Lierde,Oudenaarde,Audenarde,Oost-Vlaanderen,Flandre orientale,Vlaams Gewest,Région flamande
45064,Maarkedal,Maarkedal,Oudenaarde,Audenarde,Oost-Vlaanderen,Flandre orientale,Vlaams Gewest,Région flamande
45065,Zwalm,Zwalm,Oudenaarde,Audenarde,Oost-Vlaanderen,Flandre orientale,Vlaams Gewest,Région flamande
46003,Beveren,Beveren,Sint-Niklaas,Saint-Nicolas,Oost-Vlaanderen,Flandre orientale,Vlaams Gewest,Région flamande
46013,Kruibeke,Kruibeke,Sint-Niklaas,Saint-Nicolas,Oost-Vlaanderen,Flandre orientale,Vlaams Gewest,Région flamande
46014,Lokeren,Lokeren,Sint-Niklaas,Saint-Nicolas,Oost-Vlaanderen,Flandre orientale,Vlaams Gewest,Région flamande
46020,Sint-Gillis-Waas,Sint-Gillis-Waas,Sint-Niklaas,Saint-Nicolas,Oost-Vlaanderen,Flandre orientale,Vlaams Gewest,Région flamande
46021,Sint-Niklaas,Saint-Nicolas,Sint-Niklaas,Saint-Nicolas,Oost-Vlaanderen,Flandre orientale,Vlaams Gewest,Région flamande
46024,Stekene,Stekene,Sint-Niklaas,Saint-Nicolas,Oost-Vlaanderen,Flandre orientale,Vlaams Gewest,Région flamande
46025,Temse,Tamise,Sint-Niklaas,Saint-Nicolas,Oost-Vlaanderen,Flandre orientale,Vlaams Gewest,Région flamande
51004,Aat,Ath,Aat,Ath,Henegouwen,Hainaut,Waals Gewest,Région wallonne
51008,Beloeil,Beloeil,Aat,Ath,Henegouwen,Hainaut,Waals Gewest,Région wallonne
51009,Bernissart,Bernissart,Aat,Ath,Henegouwen,Hainaut,Waals Gewest,Région wallonne
51012,Brugelette,Brugelette,Aat,Ath,Henegouwen,Hainaut,Waals Gewest,Région wallonne
51014,Chièvres,Chièvres,Aat,Ath,Henegouwen,Hainaut,Waals Gewest,Région wallonne
51017,Elzele,Ellezelles,Aat,Ath,Henegouwen,Hainaut,Waals Gewest,Région wallonne
51019,Vloesberg,Flobecq,Aat,Ath,Henegouwen,Hainaut,Waals Gewest,Région wallonne
51065,Frasnes-lez-Anvaing,Frasnes-lez-Anvaing,Aat,Ath,Henegouwen,Hainaut,Waals Gewest,Région wallonne
52010,Chapelle-lez-Herlaimont,Chapelle-lez-Herlaimont,Charleroi,Charleroi,Henegouwen,Hainaut,Waals Gewest,Région wallonne
52011,Charleroi,Charleroi,Charleroi,Charleroi,Henegouwen,Hainaut,Waals Gewest,Région wallonne
52012,Châtelet,Châtelet,Charleroi,Charleroi,Henegouwen,Hainaut,Waals Gewest,Région wallonne
52015,Courcelles,Courcelles,Charleroi,Charleroi,Henegouwen,Hainaut,Waals Gewest,Région wallonne
52018,Farciennes,Farciennes,Charleroi,Charleroi,Henegouwen,Hainaut,Waals Gewest,Région wallonne
52021,Fleurus,Fleurus,Charleroi,Charleroi,Henegouwen,Hainaut,Waals Gewest,Région wallonne
52022,Fontaine-l’Evêque,Fontaine-l’Evêque,Charleroi,Charleroi,Henegouwen,Hainaut,Waals Gewest,Région wallonne
52025,Gerpinnes,Gerpinnes,Charleroi,Charleroi,Henegouwen,Hainaut,Waals Gewest,Région wallonne
52043,Manage,Manage,Charleroi,Charleroi,Henegouwen,Hainaut,Waals Gewest,Région wallonne
52048,Montigny-le-Tilleul,Montigny-le-Tilleul,Charleroi,Charleroi,Henegouwen,Hainaut,Waals Gewest,Région wallonne
52055,Pont-à-Celles,Pont-à-Celles,Charleroi,Charleroi,Henegouwen,Hainaut,Waals Gewest,Région wallonne
52063,Seneffe,Seneffe,Charleroi,Charleroi,Henegouwen,Hainaut,Waals Gewest,Région wallonne
52074,Aiseau-Presles,Aiseau-Presles,Charleroi,Charleroi,Henegouwen,Hainaut,Waals Gewest,Région wallonne
52075,Les Bons Villers,Les Bons Villers,Charleroi,Charleroi,Henegouwen,Hainaut,Waals Gewest,Région wallonne
53014,Boussu,Boussu,Bergen,Mons,Henegouwen,Hainaut,Waals Gewest,Région wallonne
53020,Dour,Dour,Bergen,Mons,Henegouwen,Hainaut,Waals Gewest,Région wallonne
53028,Frameries,Frameries,Bergen,Mons,Henegouwen,Hainaut,Waals Gewest,Région wallonne
53039,Hensies,Hensies,Bergen,Mons,Henegouwen,Hainaut,Waals Gewest,Région wallonne
53044,Jurbeke,Jurbise,Bergen,Mons,Henegouwen,Hainaut,Waals Gewest,Région wallonne
53046,Lens,Lens,Bergen,Mons,Henegouwen,Hainaut,Waals Gewest,Région wallonne
53053,Bergen,Mons,Bergen,Mons,Henegouwen,Hainaut,Waals Gewest,Région wallonne
53065,Quaregnon,Quaregnon,Bergen,Mons,Henegouwen,Hainaut,Waals Gewest,Région wallonne
53068,Quiévrain,Quiévrain,Bergen,Mons,Henegouwen,Hainaut,Waals Gewest,Région wallonne
53070,Saint-Ghislain,Saint-Ghislain,Bergen,Mons,Henegouwen,Hainaut,Waals Gewest,Région wallonne
53082,Colfontaine,Colfontaine,Bergen,Mons,Henegouwen,Hainaut,Waals Gewest,Région wallonne
53083,Honnelles,Honnelles,Bergen,Mons,Henegouwen,Hainaut,Waals Gewest,Région wallonne
53084,Quévy,Quévy,Bergen,Mons,Henegouwen,Hainaut,Waals Gewest,Région wallonne
54007,Moeskroen,Mouscron,Moeskroen,Mouscron,Henegouwen,Hainaut,Waals Gewest,Région wallonne
54010,Komen-Waasten,Comines-Warneton,Moeskroen,Mouscron,Henegouwen,Hainaut,Waals Gewest,Région wallonne
55004,’s Gravenbrakel,Braine-le-Comte,Zinnik,Soignies,Henegouwen,Hainaut,Waals Gewest,Région wallonne
55010,Edingen,Enghien,Zinnik,Soignies,Henegouwen,Hainaut,Waals Gewest,Région wallonne
55022,La Louvière,La Louvière,Zinnik,Soignies,Henegouwen,Hainaut,Waals Gewest,Région wallonne
55023,Lessen,Lessines,Zinnik,Soignies,Henegouwen,Hainaut,Waals Gewest,Région wallonne
55035,Le Roeulx,Le Roeulx,Zinnik,Soignies,Henegouwen,Hainaut,Waals Gewest,Région wallonne
55039,Opzullik,Silly,Zinnik,Soignies,Henegouwen,Hainaut,Waals Gewest,Région wallonne
55040,Zinnik,Soignies,Zinnik,Soignies,Henegouwen,Hainaut,Waals Gewest,Région wallonne
55050,Ecaussinnes,Ecaussinnes,Zinnik,Soignies,Henegouwen,Hainaut,Waals Gewest,Région wallonne
56001,Anderlues,Anderlues,Thuin,Thuin,Henegouwen,Hainaut,Waals Gewest,Région wallonne
56005,Beaumont,Beaumont,Thuin,Thuin,Henegouwen,Hainaut,Waals Gewest,Région wallonne
56011,Binche,Binche,Thuin,Thuin,Henegouwen,Hainaut,Waals Gewest,Région wallonne
56016,Chimay,Chimay,Thuin,Thuin,Henegouwen,Hainaut,Waals Gewest,Région wallonne
56022,Erquelinnes,Erquelinnes,Thuin,Thuin,Henegouwen,Hainaut,Waals Gewest,Région wallonne
56029,Froidchapelle,Froidchapelle,Thuin,Thuin,Henegouwen,Hainaut,Waals Gewest,Région wallonne
56044,Lobbes,Lobbes,Thuin,Thuin,Henegouwen,Hainaut,Waals Gewest,Région wallonne
56049,Merbes-le-Château,Merbes-le-Château,Thuin,Thuin,Henegouwen,Hainaut,Waals Gewest,Région wallonne
56051,Momignies,Momignies,Thuin,Thuin,Henegouwen,Hainaut,Waals Gewest,Région wallonne
56078,Thuin,Thuin,Thuin,Thuin,Henegouwen,Hainaut,Waals Gewest,Région wallonne
56085,Estinnes,Estinnes,Thuin,Thuin,Henegouwen,Hainaut,Waals Gewest,Région wallonne
56086,Ham-sur-Heure-Nalinnes,Ham-sur-Heure-Nalinnes,Thuin,Thuin,Henegouwen,Hainaut,Waals Gewest,Région wallonne
56087,Morlanwelz,Morlanwelz,Thuin,Thuin,Henegouwen,Hainaut,Waals Gewest,Région wallonne
56088,Sivry-Rance,Sivry-Rance,Thuin,Thuin,Henegouwen,Hainaut,Waals Gewest,Région wallonne
57003,Antoing,Antoing,Doornik,Tournai,Henegouwen,Hainaut,Waals Gewest,Région wallonne
57018,Celles,Celles,Doornik,Tournai,Henegouwen,Hainaut,Waals Gewest,Région wallonne
57027,Estaimpuis,Estaimpuis,Doornik,Tournai,Henegouwen,Hainaut,Waals Gewest,Région wallonne
57062,Pecq,Pecq,Doornik,Tournai,Henegouwen,Hainaut,Waals Gewest,Région wallonne
57064,Péruwelz,Péruwelz,Doornik,Tournai,Henegouwen,Hainaut,Waals Gewest,Région wallonne
57072,Rumes,Rumes,Doornik,Tournai,Henegouwen,Hainaut,Waals Gewest,Région wallonne
57081,Doornik,Tournai,Doornik,Tournai,Henegouwen,Hainaut,Waals Gewest,Région wallonne
57093,Brunehaut,Brunehaut,Doornik,Tournai,Henegouwen,Hainaut,Waals Gewest,Région wallonne
57094,Leuze-en-Hainaut,Leuze-en-Hainaut,Doornik,Tournai,Henegouwen,Hainaut,Waals Gewest,Région wallonne
57095,Mont-de-l’Enclus,Mont-de-l’Enclus,Doornik,Tournai,Henegouwen,Hainaut,Waals Gewest,Région wallonne
61003,Amay,Amay,Hoei,Huy,Luik,Liège,Waals Gewest,Région wallonne
61010,Burdinne,Burdinne,Hoei,Huy,Luik,Liège,Waals Gewest,Région wallonne
61012,Clavier,Clavier,Hoei,Huy,Luik,Liège,Waals Gewest,Région wallonne
61019,Ferrières,Ferrières,Hoei,Huy,Luik,Liège,Waals Gewest,Région wallonne
61024,Hamoir,Hamoir,Hoei,Huy,Luik,Liège,Waals Gewest,Région wallonne
61028,Héron,Héron,Hoei,Huy,Luik,Liège,Waals Gewest,Région wallonne
61031,Hoei,Huy,Hoei,Huy,Luik,Liège,Waals Gewest,Région wallonne
61039,Marchin,Marchin,Hoei,Huy,Luik,Liège,Waals Gewest,Région wallonne
61041,Modave,Modave,Hoei,Huy,Luik,Liège,Waals Gewest,Région wallonne
61043,Nandrin,Nandrin,Hoei,Huy,Luik,Liège,Waals Gewest,Région wallonne
61048,Ouffet,Ouffet,Hoei,Huy,Luik,Liège,Waals Gewest,Région wallonne
61063,Verlaine,Verlaine,Hoei,Huy,Luik,Liège,Waals Gewest,Région wallonne
61068,Villers-Le-Bouillet,Villers-Le-Bouillet,Hoei,Huy,Luik,Liège,Waals Gewest,Région wallonne
61072,Wanze,Wanze,Hoei,Huy,Luik,Liège,Waals Gewest,Région wallonne
61079,Anthisnes,Anthisnes,Hoei,Huy,Luik,Liège,Waals Gewest,Région wallonne
61080,Engis,Engis,Hoei,Huy,Luik,Liège,Waals Gewest,Région wallonne
61081,Tinlot,Tinlot,Hoei,Huy,Luik,Liège,Waals Gewest,Région wallonne
62003,Ans,Ans,Luik,Liège,Luik,Liège,Waals Gewest,Région wallonne
62006,Awans,Awans,Luik,Liège,Luik,Liège,Waals Gewest,Région wallonne
62009,Aywaille,Aywaille,Luik,Liège,Luik,Liège,Waals Gewest,Région wallonne
62011,Bitsingen,Bassenge,Luik,Liège,Luik,Liège,Waals Gewest,Région wallonne
62015,Beyne-Heusay,Beyne-Heusay,Luik,Liège,Luik,Liège,Waals Gewest,Région wallonne
62022,Chaudfontaine,Chaudfontaine,Luik,Liège,Luik,Liège,Waals Gewest,Région wallonne
62026,Comblain-au-Pont,Comblain-au-Pont,Luik,Liège,Luik,Liège,Waals Gewest,Région wallonne
62027,Dalhem,Dalhem,Luik,Liège,Luik,Liège,Waals Gewest,Région wallonne
62032,Esneux,Esneux,Luik,Liège,Luik,Liège,Waals Gewest,Région wallonne
62038,Fléron,Fléron,Luik,Liège,Luik,Liège,Waals Gewest,Région wallonne
62051,Herstal,Herstal,Luik,Liège,Luik,Liège,Waals Gewest,Région wallonne
62060,Juprelle,Juprelle,Luik,Liège,Luik,Liège,Waals Gewest,Région wallonne
62063,Luik,Liège,Luik,Liège,Luik,Liège,Waals Gewest,Région wallonne
62079,Oupeye,Oupeye,Luik,Liège,Luik,Liège,Waals Gewest,Région wallonne
62093,Saint-Nicolas,Saint-Nicolas,Luik,Liège,Luik,Liège,Waals Gewest,Région wallonne
62096,Seraing,Seraing,Luik,Liège,Luik,Liège,Waals Gewest,Région wallonne
62099,Soumagne,Soumagne,Luik,Liège,Luik,Liège,Waals Gewest,Région wallonne
62100,Sprimont,Sprimont,Luik,Liège,Luik,Liège,Waals Gewest,Région wallonne
62108,Wezet,Visé,Luik,Liège,Luik,Liège,Waals Gewest,Région wallonne
62118,Grâce-Hollogne,Grâce-Hollogne,Luik,Liège,Luik,Liège,Waals Gewest,Région wallonne
62119,Blégny,Blégny,Luik,Liège,Luik,Liège,Waals Gewest,Région wallonne
62120,Flémalle,Flémalle,Luik,Liège,Luik,Liège,Waals Gewest,Région wallonne
62121,Neupré,Neupré,Luik,Liège,Luik,Liège,Waals Gewest,Région wallonne
62122,Trooz,Trooz,Luik,Liège,Luik,Liège,Waals Gewest,Région wallonne
63001,Amel,Amblève,Verviers,Verviers,Luik,Liège,Waals Gewest,Région wallonne
63003,Aubel,Aubel,Verviers,Verviers,Luik,Liège,Waals Gewest,Région wallonne
63004,Baelen,Baelen,Verviers,Verviers,Luik,Liège,Waals Gewest,Région wallonne
63012,Büllingen,Bullange,Verviers,Verviers,Luik,Liège,Waals Gewest,Région wallonne
63013,Bütgenbach,Butgenbach,Verviers,Verviers,Luik,Liège,Waals Gewest,Région wallonne
63020,Dison,Dison,Verviers,Verviers,Luik,Liège,Waals Gewest,Région wallonne
63023,Eupen,Eupen,Verviers,Verviers,Luik,Liège,Waals Gewest,Région wallonne
63035,Herve,Herve,Verviers,Verviers,Luik,Liège,Waals Gewest,Région wallonne
63038,Jalhay,Jalhay,Verviers,Verviers,Luik,Liège,Waals Gewest,Région wallonne
63040,Kelmis,La Calamine,Verviers,Verviers,Luik,Liège,Waals Gewest,Région wallonne
63045,Lierneux,Lierneux,Verviers,Verviers,Luik,Liège,Waals Gewest,Région wallonne
63046,Limburg,Limbourg,Verviers,Verviers,Luik,Liège,Waals Gewest,Région wallonne
63048,Lontzen,Lontzen,Verviers,Verviers,Luik,Liège,Waals Gewest,Région wallonne
63049,Malmedy,Malmedy,Verviers,Verviers,Luik,Liège,Waals Gewest,Région wallonne
63057,Olne,Olne,Verviers,Verviers,Luik,Liège,Waals Gewest,Région wallonne
63058,Pepinster,Pepinster,Verviers,Verviers,Luik,Liège,Waals Gewest,Région wallonne
63061,Raeren,Raeren,Verviers,Verviers,Luik,Liège,Waals Gewest,Région wallonne
63067,Sankt Vith,Saint-Vith,Verviers,Verviers,Luik,Liège,Waals Gewest,Région wallonne
63072,Spa,Spa,Verviers,Verviers,Luik,Liège,Waals Gewest,Région wallonne
63073,Stavelot,Stavelot,Verviers,Verviers,Luik,Liège,Waals Gewest,Région wallonne
63075,Stoumont,Stoumont,Verviers,Verviers,Luik,Liège,Waals Gewest,Région wallonne
63076,Theux,Theux,Verviers,Verviers,Luik,Liège,Waals Gewest,Région wallonne
63079,Verviers,Verviers,Verviers,Verviers,Luik,Liège,Waals Gewest,Région wallonne
63080,Weismes,Waimes,Verviers,Verviers,Luik,Liège,Waals Gewest,Région wallonne
63084,Welkenraedt,Welkenraedt,Verviers,Verviers,Luik,Liège,Waals Gewest,Région wallonne
63086,Trois-Ponts,Trois-Ponts,Verviers,Verviers,Luik,Liège,Waals Gewest,Région wallonne
63087,Burg-Reuland,Burg-Reuland,Verviers,Verviers,Luik,Liège,Waals Gewest,Région wallonne
63088,Plombières,Plombières,Verviers,Verviers,Luik,Liège,Waals Gewest,Région wallonne
63089,Thimister-Clermont,Thimister-Clermont,Verviers,Verviers,Luik,Liège,Waals Gewest,Région wallonne
64008,Berloz,Berloz,Borgworm,Waremme,Luik,Liège,Waals Gewest,Région wallonne
64015,Braives,Braives,Borgworm,Waremme,Luik,Liège,Waals Gewest,Région wallonne
64021,Crisnée,Crisnée,Borgworm,Waremme,Luik,Liège,Waals Gewest,Région wallonne
64023,Donceel,Donceel,Borgworm,Waremme,Luik,Liège,Waals Gewest,Région wallonne
64025,Fexhe-le-Haut-Clocher,Fexhe-le-Haut-Clocher,Borgworm,Waremme,Luik,Liège,Waals Gewest,Région wallonne
64029,Geer,Geer,Borgworm,Waremme,Luik,Liège,Waals Gewest,Région wallonne
64034,Hannuit,Hannut,Borgworm,Waremme,Luik,Liège,Waals Gewest,Région wallonne
64047,Lijsem,Lincent,Borgworm,Waremme,Luik,Liège,Waals Gewest,Région wallonne
64056,Oerle,Oreye,Borgworm,Waremme,Luik,Liège,Waals Gewest,Région wallonne
64063,Remicourt,Remicourt,Borgworm,Waremme,Luik,Liège,Waals Gewest,Région wallonne
64065,Saint-Georges-sur-Meuse,Saint-Georges-sur-Meuse,Borgworm,Waremme,Luik,Liège,Waals Gewest,Région wallonne
64074,Borgworm,Waremme,Borgworm,Waremme,Luik,Liège,Waals Gewest,Région wallonne
64075,Wasseiges,Wasseiges,Borgworm,Waremme,Luik,Liège,Waals Gewest,Région wallonne
64076,Faimes,Faimes,Borgworm,Waremme,Luik,Liège,Waals Gewest,Région wallonne
71002,As,As,Hasselt,Hasselt,Limburg,Limbourg,Vlaams Gewest,Région flamande
71004,Beringen,Beringen,Hasselt,Hasselt,Limburg,Limbourg,Vlaams Gewest,Région flamande
71011,Diepenbeek,Diepenbeek,Hasselt,Hasselt,Limburg,Limbourg,Vlaams Gewest,Région flamande
71016,Genk,Genk,Hasselt,Hasselt,Limburg,Limbourg,Vlaams Gewest,Région flamande
71017,Gingelom,Gingelom,Hasselt,Hasselt,Limburg,Limbourg,Vlaams Gewest,Région flamande
71020,Halen,Halen,Hasselt,Hasselt,Limburg,Limbourg,Vlaams Gewest,Région flamande
71022,Hasselt,Hasselt,Hasselt,Hasselt,Limburg,Limbourg,Vlaams Gewest,Région flamande
71024,Herk-de-Stad,Herck-la-Ville,Hasselt,Hasselt,Limburg,Limbourg,Vlaams Gewest,Région flamande
71034,Leopoldsburg,Bourg-Léopold,Hasselt,Hasselt,Limburg,Limbourg,Vlaams Gewest,Région flamande
71037,Lummen,Lummen,Hasselt,Hasselt,Limburg,Limbourg,Vlaams Gewest,Région flamande
71045,Nieuwerkerken,Nieuwerkerken,Hasselt,Hasselt,Limburg,Limbourg,Vlaams Gewest,Région flamande
71047,Opglabbeek,Opglabbeek,Hasselt,Hasselt,Limburg,Limbourg,Vlaams Gewest,Région flamande
71053,Sint-Truiden,Saint-Trond,Hasselt,Hasselt,Limburg,Limbourg,Vlaams Gewest,Région flamande
71057,Tessenderlo,Tessenderlo,Hasselt,Hasselt,Limburg,Limbourg,Vlaams Gewest,Région flamande
71066,Zonhoven,Zonhoven,Hasselt,Hasselt,Limburg,Limbourg,Vlaams Gewest,Région flamande
71067,Zutendaal,Zutendaal,Hasselt,Hasselt,Limburg,Limbourg,Vlaams Gewest,Région flamande
71069,Ham,Ham,Hasselt,Hasselt,Limburg,Limbourg,Vlaams Gewest,Région flamande
71070,Heusden-Zolder,Heusden-Zolder,Hasselt,Hasselt,Limburg,Limbourg,Vlaams Gewest,Région flamande
72003,Bocholt,Bocholt,Maaseik,Maaseik,Limburg,Limbourg,Vlaams Gewest,Région flamande
72004,Bree,Bree,Maaseik,Maaseik,Limburg,Limbourg,Vlaams Gewest,Région flamande
72018,Kinrooi,Kinrooi,Maaseik,Maaseik,Limburg,Limbourg,Vlaams Gewest,Région flamande
72020,Lommel,Lommel,Maaseik,Maaseik,Limburg,Limbourg,Vlaams Gewest,Région flamande
72021,Maaseik,Maaseik,Maaseik,Maaseik,Limburg,Limbourg,Vlaams Gewest,Région flamande
72025,Neerpelt,Neerpelt,Maaseik,Maaseik,Limburg,Limbourg,Vlaams Gewest,Région flamande
72029,Overpelt,Overpelt,Maaseik,Maaseik,Limburg,Limbourg,Vlaams Gewest,Région flamande
72030,Peer,Peer,Maaseik,Maaseik,Limburg,Limbourg,Vlaams Gewest,Région flamande
72037,Hamont-Achel,Hamont-Achel,Maaseik,Maaseik,Limburg,Limbourg,Vlaams Gewest,Région flamande
72038,Hechtel-Eksel,Hechtel-Eksel,Maaseik,Maaseik,Limburg,Limbourg,Vlaams Gewest,Région flamande
72039,Houthalen-Helchteren,Houthalen-Helchteren,Maaseik,Maaseik,Limburg,Limbourg,Vlaams Gewest,Région flamande
72040,Meeuwen-Gruitrode,Meeuwen-Gruitrode,Maaseik,Maaseik,Limburg,Limbourg,Vlaams Gewest,Région flamande
72041,Dilsen-Stokkem,Dilsen-Stokkem,Maaseik,Maaseik,Limburg,Limbourg,Vlaams Gewest,Région flamande
73001,Alken,Alken,Tongeren,Tongres,Limburg,Limbourg,Vlaams Gewest,Région flamande
73006,Bilzen,Bilzen,Tongeren,Tongres,Limburg,Limbourg,Vlaams Gewest,Région flamande
73009,Borgloon,Looz,Tongeren,Tongres,Limburg,Limbourg,Vlaams Gewest,Région flamande
73022,Heers,Heers,Tongeren,Tongres,Limburg,Limbourg,Vlaams Gewest,Région flamande
73028,Herstappe,Herstappe,Tongeren,Tongres,Limburg,Limbourg,Vlaams Gewest,Région flamande
73032,Hoeselt,Hoeselt,Tongeren,Tongres,Limburg,Limbourg,Vlaams Gewest,Région flamande
73040,Kortessem,Kortessem,Tongeren,Tongres,Limburg,Limbourg,Vlaams Gewest,Région flamande
73042,Lanaken,Lanaken,Tongeren,Tongres,Limburg,Limbourg,Vlaams Gewest,Région flamande
73066,Riemst,Riemst,Tongeren,Tongres,Limburg,Limbourg,Vlaams Gewest,Région flamande
73083,Tongeren,Tongres,Tongeren,Tongres,Limburg,Limbourg,Vlaams Gewest,Région flamande
73098,Wellen,Wellen,Tongeren,Tongres,Limburg,Limbourg,Vlaams Gewest,Région flamande
73107,Maasmechelen,Maasmechelen,Tongeren,Tongres,Limburg,Limbourg,Vlaams Gewest,Région flamande
73109,Voeren,Fourons,Tongeren,Tongres,Limburg,Limbourg,Vlaams Gewest,Région flamande
81001,Aarlen,Arlon,Aarlen,Arlon,Luxemburg,Luxembourg,Waals Gewest,Région wallonne
81003,Attert,Attert,Aarlen,Arlon,Luxemburg,Luxembourg,Waals Gewest,Région wallonne
81004,Aubange,Aubange,Aarlen,Arlon,Luxemburg,Luxembourg,Waals Gewest,Région wallonne
81013,Martelange,Martelange,Aarlen,Arlon,Luxemburg,Luxembourg,Waals Gewest,Région wallonne
81015,Messancy,Messancy,Aarlen,Arlon,Luxemburg,Luxembourg,Waals Gewest,Région wallonne
82003,Bastenaken,Bastogne,Bastenaken,Bastogne,Luxemburg,Luxembourg,Waals Gewest,Région wallonne
82005,Bertogne,Bertogne,Bastenaken,Bastogne,Luxemburg,Luxembourg,Waals Gewest,Région wallonne
82009,Fauvillers,Fauvillers,Bastenaken,Bastogne,Luxemburg,Luxembourg,Waals Gewest,Région wallonne
82014,Houffalize,Houffalize,Bastenaken,Bastogne,Luxemburg,Luxembourg,Waals Gewest,Région wallonne
82032,Vielsalm,Vielsalm,Bastenaken,Bastogne,Luxemburg,Luxembourg,Waals Gewest,Région wallonne
82036,Vaux-sur-Sûre,Vaux-sur-Sûre,Bastenaken,Bastogne,Luxemburg,Luxembourg,Waals Gewest,Région wallonne
82037,Gouvy,Gouvy,Bastenaken,Bastogne,Luxemburg,Luxembourg,Waals Gewest,Région wallonne
82038,Sainte-Ode,Sainte-Ode,Bastenaken,Bastogne,Luxemburg,Luxembourg,Waals Gewest,Région wallonne
83012,Durbuy,Durbuy,Marche-en-Famenne,Marche-en-Famenne,Luxemburg,Luxembourg,Waals Gewest,Région wallonne
83013,Erezée,Erezée,Marche-en-Famenne,Marche-en-Famenne,Luxemburg,Luxembourg,Waals Gewest,Région wallonne
83028,Hotton,Hotton,Marche-en-Famenne,Marche-en-Famenne,Luxemburg,Luxembourg,Waals Gewest,Région wallonne
83031,La Roche-en-Ardenne,La Roche-en-Ardenne,Marche-en-Famenne,Marche-en-Famenne,Luxemburg,Luxembourg,Waals Gewest,Région wallonne
83034,Marche-en-Famenne,Marche-en-Famenne,Marche-en-Famenne,Marche-en-Famenne,Luxemburg,Luxembourg,Waals Gewest,Région wallonne
83040,Nassogne,Nassogne,Marche-en-Famenne,Marche-en-Famenne,Luxemburg,Luxembourg,Waals Gewest,Région wallonne
83044,Rendeux,Rendeux,Marche-en-Famenne,Marche-en-Famenne,Luxemburg,Luxembourg,Waals Gewest,Région wallonne
83049,Tenneville,Tenneville,Marche-en-Famenne,Marche-en-Famenne,Luxemburg,Luxembourg,Waals Gewest,Région wallonne
83055,Manhay,Manhay,Marche-en-Famenne,Marche-en-Famenne,Luxemburg,Luxembourg,Waals Gewest,Région wallonne
84009,Bertrix,Bertrix,Neufchâteau,Neufchâteau,Luxemburg,Luxembourg,Waals Gewest,Région wallonne
84010,Bouillon,Bouillon,Neufchâteau,Neufchâteau,Luxemburg,Luxembourg,Waals Gewest,Région wallonne
84016,Daverdisse,Daverdisse,Neufchâteau,Neufchâteau,Luxemburg,Luxembourg,Waals Gewest,Région wallonne
84029,Herbeumont,Herbeumont,Neufchâteau,Neufchâteau,Luxemburg,Luxembourg,Waals Gewest,Région wallonne
84033,Léglise,Léglise,Neufchâteau,Neufchâteau,Luxemburg,Luxembourg,Waals Gewest,Région wallonne
84035,Libin,Libin,Neufchâteau,Neufchâteau,Luxemburg,Luxembourg,Waals Gewest,Région wallonne
84043,Neufchâteau,Neufchâteau,Neufchâteau,Neufchâteau,Luxemburg,Luxembourg,Waals Gewest,Région wallonne
84050,Paliseul,Paliseul,Neufchâteau,Neufchâteau,Luxemburg,Luxembourg,Waals Gewest,Région wallonne
84059,Saint-Hubert,Saint-Hubert,Neufchâteau,Neufchâteau,Luxemburg,Luxembourg,Waals Gewest,Région wallonne
84068,Tellin,Tellin,Neufchâteau,Neufchâteau,Luxemburg,Luxembourg,Waals Gewest,Région wallonne
84075,Wellin,Wellin,Neufchâteau,Neufchâteau,Luxemburg,Luxembourg,Waals Gewest,Région wallonne
84077,Libramont-Chevigny,Libramont-Chevigny,Neufchâteau,Neufchâteau,Luxemburg,Luxembourg,Waals Gewest,Région wallonne
85007,Chiny,Chiny,Virton,Virton,Luxemburg,Luxembourg,Waals Gewest,Région wallonne
85009,Etalle,Etalle,Virton,Virton,Luxemburg,Luxembourg,Waals Gewest,Région wallonne
85011,Florenville,Florenville,Virton,Virton,Luxemburg,Luxembourg,Waals Gewest,Région wallonne
85024,Meix-devant-Virton,Meix-devant-Virton,Virton,Virton,Luxemburg,Luxembourg,Waals Gewest,Région wallonne
85026,Musson,Musson,Virton,Virton,Luxemburg,Luxembourg,Waals Gewest,Région wallonne
85034,Saint-Léger,Saint-Léger,Virton,Virton,Luxemburg,Luxembourg,Waals Gewest,Région wallonne
85039,Tintigny,Tintigny,Virton,Virton,Luxemburg,Luxembourg,Waals Gewest,Région wallonne
85045,Virton,Virton,Virton,Virton,Luxemburg,Luxembourg,Waals Gewest,Région wallonne
85046,Habay,Habay,Virton,Virton,Luxemburg,Luxembourg,Waals Gewest,Région wallonne
85047,Rouvroy,Rouvroy,Virton,Virton,Luxemburg,Luxembourg,Waals Gewest,Région wallonne
91005,Anhée,Anhée,Dinant,Dinant,Namen,Namur,Waals Gewest,Région wallonne
91013,Beauraing,Beauraing,Dinant,Dinant,Namen,Namur,Waals Gewest,Région wallonne
91015,Bièvre,Bièvre,Dinant,Dinant,Namen,Namur,Waals Gewest,Région wallonne
91030,Ciney,Ciney,Dinant,Dinant,Namen,Namur,Waals Gewest,Région wallonne
91034,Dinant,Dinant,Dinant,Dinant,Namen,Namur,Waals Gewest,Région wallonne
91054,Gedinne,Gedinne,Dinant,Dinant,Namen,Namur,Waals Gewest,Région wallonne
91059,Hamois,Hamois,Dinant,Dinant,Namen,Namur,Waals Gewest,Région wallonne
91064,Havelange,Havelange,Dinant,Dinant,Namen,Namur,Waals Gewest,Région wallonne
91072,Houyet,Houyet,Dinant,Dinant,Namen,Namur,Waals Gewest,Région wallonne
91103,Onhaye,Onhaye,Dinant,Dinant,Namen,Namur,Waals Gewest,Région wallonne
91114,Rochefort,Rochefort,Dinant,Dinant,Namen,Namur,Waals Gewest,Région wallonne
91120,Somme-Leuze,Somme-Leuze,Dinant,Dinant,Namen,Namur,Waals Gewest,Région wallonne
91141,Yvoir,Yvoir,Dinant,Dinant,Namen,Namur,Waals Gewest,Région wallonne
91142,Hastière,Hastière,Dinant,Dinant,Namen,Namur,Waals Gewest,Région wallonne
91143,Vresse-sur-Semois,Vresse-sur-Semois,Dinant,Dinant,Namen,Namur,Waals Gewest,Région wallonne
92003,Andenne,Andenne,Namen,Namur,Namen,Namur,Waals Gewest,Région wallonne
92006,Assesse,Assesse,Namen,Namur,Namen,Namur,Waals Gewest,Région wallonne
92035,Eghezée,Eghezée,Namen,Namur,Namen,Namur,Waals Gewest,Région wallonne
92045,Floreffe,Floreffe,Namen,Namur,Namen,Namur,Waals Gewest,Région wallonne
92048,Fosses-la-Ville,Fosses-la-Ville,Namen,Namur,Namen,Namur,Waals Gewest,Région wallonne
92054,Gesves,Gesves,Namen,Namur,Namen,Namur,Waals Gewest,Région wallonne
92087,Mettet,Mettet,Namen,Namur,Namen,Namur,Waals Gewest,Région wallonne
92094,Namen,Namur,Namen,Namur,Namen,Namur,Waals Gewest,Région wallonne
92097,Ohey,Ohey,Namen,Namur,Namen,Namur,Waals Gewest,Région wallonne
92101,Profondeville,Profondeville,Namen,Namur,Namen,Namur,Waals Gewest,Région wallonne
92114,Sombreffe,Sombreffe,Namen,Namur,Namen,Namur,Waals Gewest,Région wallonne
92137,Sambreville,Sambreville,Namen,Namur,Namen,Namur,Waals Gewest,Région wallonne
92138,Fernelmont,Fernelmont,Namen,Namur,Namen,Namur,Waals Gewest,Région wallonne
92140,Jemeppe-sur-Sambre,Jemeppe-sur-Sambre,Namen,Namur,Namen,Namur,Waals Gewest,Région wallonne
92141,La Bruyère,La Bruyère,Namen,Namur,Namen,Namur,Waals Gewest,Région wallonne
92142,Gembloux,Gembloux,Namen,Namur,Namen,Namur,Waals Gewest,Région wallonne
93010,Cerfontaine,Cerfontaine,Philippeville,Philippeville,Namen,Namur,Waals Gewest,Région wallonne
93014,Couvin,Couvin,Philippeville,Philippeville,Namen,Namur,Waals Gewest,Région wallonne
93018,Doische,Doische,Philippeville,Philippeville,Namen,Namur,Waals Gewest,Région wallonne
93022,Florennes,Florennes,Philippeville,Philippeville,Namen,Namur,Waals Gewest,Région wallonne
93056,Philippeville,Philippeville,Philippeville,Philippeville,Namen,Namur,Waals Gewest,Région wallonne
93088,Walcourt,Walcourt,Philippeville,Philippeville,Namen,Namur,Waals Gewest,Région wallonne
93090,Viroinval,Viroinval,Philippeville,Philippeville,Namen,Namur,Waals Gewest,Région wallonne